,Lowest CO2e abatement cost option,range,PROD_gas,FUEL_gas,DISP_gas,FLARE_gas,VENT_gas,PROD_oil,FUEL_oil,DISP_oil,FLARE_oil,VENT_oil,ReportingFacilitySubType,Month of Production,Latitude,Longitude,NEAR_DIST,PIPE_MAOP,Gauge Pressure Received(kPa),Gauge Temp. Received(C),Gross Heating Value(MJ/m3),C1 Air Free,COMPRESSOR (m3),PNEUMATICINSTRUMENT (m3),PNEAMATICPUMP (m3),FUGITIVE (m3),ROUTINEVENT (m3),WA Num,FROMFACILITYID,Leak Rate CMH,Age,Tie in?,Flare?,ventvol,ch4_ventvol,Vent_ReciCompressor,Vent_ScrewCompressor,PneuLevelControl,PneuPositioner,PneuPressureControl,PneuTransducer,PneuIntermittent,PneuPump,GlycolDehy,ProdTank,OtherEquip,VRU_CAPEX,VRU_OPEX,VRU_size,VRU_hp,Compressor_CAPEX,Pipeline_CAPEX,TieIn_CAPEX,TieIn_OPEX,GridConnect_CAPEX,GridConnect_OPEX,Flare_notcasing_CAPEX,Flare_notcasing_OPEX,casinggas_flare_CAPEX,casinggas_flare_OPEX,casinggas_tiein_CAPEX,casinggas_tiein_OPEX,Vapcombustor_CAPEX,GasBladder_CAPEX,gasstorage_pertruckcost,Generator_CAPEX,ElectricFlareInstall,VRU_feasible min?,Flare_feasible min?,CasingFlare_feasible min?,FlareCount,FlareCountRounded,CasingGasTieIn high feasible max?,CasingGasTieIn low feasible max?,VapCombCount,VapCombRounded,Gasbladdercount,Gasbladdercountrounded,numberoftrucksperday,numberoftruckspermonth_rounded,numberoftrucksperyear_rounded,VRUFlareGrid_npvCAD,VRUFlareGrid_co2enpvCAD,VRUFlareGrid_ch4npvCAD,VRUFlareGen_npvCAD,VRUFlareGen_co2enpvCAD,VRUFlareGen_ch4npvCAD,VRUTieInGrid_npvCAD,VRUTieInGrid_co2enpvCAD,VRUTieInGrid_ch4npvCAD,VRUTieInGen_npvCAD,VRUTieInGen_co2enpvCAD,VRUTieInGen_ch4npvCAD,VRUVapcombGrid_npvCAD,VRUVapcombGrid_co2enpvCAD,VRUVapcombGrid_ch4npvCAD,VRUVapcombGen_npvCAD,VRUVapcombGen_co2enpvCAD,VRUVapcombGen_ch4npvCAD,Casinggasflare_npvCAD,Casinggasflare_co2enpvCAD,Casinggasflare_ch4npvCAD,Casinggastiein_npvCAD,Casinggastiein_co2enpvCAD,Casinggastiein_ch4npvCAD,Gasbladdertruck_npvCAD,Gasbladdertruck_co2enpvCAD,Gasbladdertruck_ch4npvCAD,VRUFlareGrid_MACCCO2e,VRUFlareGen_MACCCO2e,VRUTieInGrid_MACCCO2e,VRUTieInGen_MACCCO2e,VRUVapcombGrid_MACCCO2e,VRUVapcombGen_MACCCO2e,Casinggasflare_MACCCO2e,Casinggastiein_MACCCO2e,Gasbladdertruck_MACCCO2e,VRUFlareGrid_MACCCH4,VRUFlareGen_MACCCH4,VRUTieInGrid_MACCCH4,VRUTieInGen_MACCCH4,VRUVapcombGrid_MACCCH4,VRUVapcombGen_MACCCH4,Casinggasflare_MACCCH4,Casinggastiein_MACCCH4,Gasbladdertruck_MACCCH4,Vent_ReciCompressor_CAPEX_fixed_Upper,Vent_ReciCompressor_OPEX_fixed_Upper,Vent_ReciCompressor_CAPEX_fixed_Lower,Vent_ReciCompressor_OPEX_fixed_Lower,Vent_ReciCompressor_CAPEX_fixed_Avg,Vent_ReciCompressor_OPEX_fixed_Avg,Vent_ScrewCompressor_CAPEX_fixed_Upper,Vent_ScrewCompressor_OPEX_fixed_Upper,Vent_ScrewCompressor_CAPEX_fixed_Lower,Vent_ScrewCompressor_OPEX_fixed_Lower,Vent_ScrewCompressor_CAPEX_fixed_Avg,Vent_ScrewCompressor_OPEX_fixed_Avg,PneuLevelControl_CAPEX_fixed_Upper,PneuLevelControl_OPEX_fixed_Upper,PneuLevelControl_CAPEX_fixed_Lower,PneuLevelControl_OPEX_fixed_Lower,PneuLevelControl_CAPEX_fixed_Avg,PneuLevelControl_OPEX_fixed_Avg,PneuPump_CAPEX_fixed_Upper,PneuPump_OPEX_fixed_Upper,PneuPump_CAPEX_fixed_Lower,PneuPump_OPEX_fixed_Lower,PneuPump_CAPEX_fixed_Avg,PneuPump_OPEX_fixed_Avg,PneuPositioner_CAPEX_fixed_Upper,PneuPositioner_OPEX_fixed_Upper,PneuPositioner_CAPEX_fixed_Lower,PneuPositioner_OPEX_fixed_Lower,PneuPositioner_CAPEX_fixed_Avg,PneuPositioner_OPEX_fixed_Avg,PneuTransducerSm_CAPEX_fixed_Upper,PneuTransducerSm_OPEX_fixed_Upper,PneuTransducerSm_CAPEX_fixed_Lower,PneuTransducerSm_OPEX_fixed_Lower,PneuTransducerSm_CAPEX_fixed_Avg,PneuTransducerSm_OPEX_fixed_Avg,PneuTransducerLg_CAPEX_fixed_Upper,PneuTransducerLg_OPEX_fixed_Upper,PneuTransducerLg_CAPEX_fixed_Lower,PneuTransducerLg_OPEX_fixed_Lower,PneuTransducerLg_CAPEX_fixed_Avg,PneuTransducerLg_OPEX_fixed_Avg,GlycolDehy_Flare_CAPEX_fixed_Upper,GlycolDehy_Flare_OPEX_fixed_Upper,GlycolDehy_Flare_CAPEX_fixed_Lower,GlycolDehy_Flare_OPEX_fixed_Lower,GlycolDehy_Flare_CAPEX_fixed_Avg,GlycolDehy_Flare_OPEX_fixed_Avg,GlycolDehy_Vent_CAPEX_fixed_Upper,GlycolDehy_Vent_OPEX_fixed_Upper,GlycolDehy_Vent_CAPEX_fixed_Lower,GlycolDehy_Vent_OPEX_fixed_Lower,GlycolDehy_Vent_CAPEX_fixed_Avg,GlycolDehy_Vent_OPEX_fixed_Avg,AllPneu_Elec_CAPEX_fixed_Upper,AllPneu_Elec_OPEX_fixed_Upper,AllPneu_Elec_CAPEX_fixed_Lower,AllPneu_Elec_OPEX_fixed_Lower,AllPneu_Elec_CAPEX_fixed_Avg,AllPneu_Elec_OPEX_fixed_Avg,AllPneu_Air1_CAPEX_fixed_Upper,AllPneu_Air1_OPEX_fixed_Upper,AllPneu_Air1_CAPEX_fixed_Lower,AllPneu_Air1_OPEX_fixed_Lower,AllPneu_Air2_CAPEX_fixed_Upper,AllPneu_Air2_OPEX_fixed_Upper,allpneuvents,IA1_lower_feasible max?,IA1_upper_feasible max?,IA2_upper_feasible max?,ReciComp_npvCAD,ReciComp_co2enpvCAD,ReciComp_ch4npvCAD,ScrewComp_npvCAD,ScrewComp_co2enpvCAD,ScrewComp_ch4npvCAD,PneuPositioner_npvCAD,PneuPositioner_co2enpvCAD,PneuPositioner_ch4npvCAD,PneuLevelControl_npvCAD,PneuLevelControl_co2enpvCAD,PneuLevelControl_ch4npvCAD,PneuTransducer_npvCAD,PneuTransducer_co2enpvCAD,PneuTransducer_ch4npvCAD,PneuPump_npvCAD,PneuPump_co2enpvCAD,PneuPump_ch4npvCAD,IA_npvCAD,IA_co2enpvCAD,IA_ch4npvCAD,Elec_npvCAD,Elec_co2enpvCAD,Elec_ch4npvCAD,GDFlare_npvCAD,GDFlare_co2enpvCAD,GDFlare_ch4npvCAD,GDVent_npvCAD,GDVent_co2enpvCAD,GDVent_ch4npvCAD,IA_MACCCO2e,Elec_MACCCO2e,pneu_components_npv,pneu_components_co2enpv,pneu_components_MACCCO2e,GD_FlareMACCCO2e,GD_VentMACCCO2e,ReciCompMACCCO2e,ScrewCompMACCCO2e,LowestSiteWideOption,LowestSepEquipCost_npv,LowestSepEquipCost_co2enpv,LowestSeparateEquipCostOption,Lowest CO2e abatement cost value,volumereductionstCO2e/y
0,LowestSeparateEquipCostOption,"(-10.001, 0.0]",0.0,0.0,0.0,0.0,0.0,0.0,0.0,0.0,0.0,0.0,0.0,0.0,0.0,0.0,0.0,0.0,0.0,0.0,0.0,0.0,0.0,0.0,0.0,0.0,0.0,0.0,0.0,0.0,0.0,0,0,0.0,0.0,0.0,0.0,0.0,0.0,0.0,0.0,0.0,0.0,0.0,0.0,0.0,0.0,0.0,0,0,0.0,0.0,0.0,0.0,0.0,0.0,0.0,0.0,0.0,0.0,0.0,0.0,0.0,0.0,0.0,0.0,0.0,0,0,0,0.0,0,0,0,0.0,0,0.0,0,0.0,0,0,0.0,0.0,0.0,0.0,0.0,0.0,0.0,0.0,0.0,0.0,0.0,0.0,0.0,0.0,0.0,0.0,0.0,0.0,0.0,0.0,0.0,0.0,0.0,0.0,0.0,0.0,0.0,0.0,0.0,0.0,0.0,0.0,0.0,0.0,0.0,0.0,0.0,0.0,0.0,0.0,0.0,0.0,0.0,0.0,0.0,0.0,0.0,0.0,0.0,0.0,0.0,0.0,0.0,0.0,0.0,0.0,0.0,0.0,0.0,0.0,0.0,0.0,0.0,0.0,0.0,0.0,0.0,0.0,0.0,0.0,0.0,0.0,0.0,0.0,0.0,0.0,0.0,0.0,0.0,0.0,0.0,0.0,0.0,0.0,0.0,0.0,0.0,0.0,0.0,0.0,0.0,0.0,0.0,0.0,0.0,0.0,0.0,0.0,0.0,0.0,0.0,0.0,0.0,0.0,0.0,0.0,0.0,0.0,0.0,0.0,0.0,0.0,0,0,0,0.0,0.0,0.0,0.0,0.0,0.0,0.0,0.0,0.0,0.0,0.0,0.0,0.0,0.0,0.0,0.0,0.0,0.0,0.0,0.0,0.0,0.0,0.0,0.0,0.0,0.0,0.0,0.0,0.0,0.0,0.0,0.0,0.0,0.0,0.0,0.0,0.0,0.0,0.0,0.0,0.0,0.0,0.0,0.0,0.0
1,LowestSeparateEquipCostOption,"(0.0, 10.0]",29822055.3,398870.10000000003,32107225.7,17423.6,17648.3,300.0,0.0,1007706.3,0.0,0.0,24952.0,31.0,1615.3474575039215,-3520.014595313887,148257.3658223187,397283.2633661936,86518.04243519325,1126.7620710391673,2161.3457440569077,58.86910922951531,153116.0,17063876.0,20709307.0,4699884.1238400005,6284672.0,479691.5292908071,0.0,397.601384,772.696997827089,69,52,579.8304694943654,502.08678506036046,46.52804128897388,0.051838544491430494,77.1474942533755,10.309062056445638,80.01767244498909,0.03697562784618169,101.10991838605763,202.1269770066814,7.580444299394025,1.1000110443432594,154.93195292782502,12905256.3,2090396.4,34500,5520,124012929.79896675,15300160.152863292,34664299389034.746,3466429938903.4746,9791134.5,0.0,7783420.8,744827.4,9449732.9,79731.8,17208531.0,550675.2000000001,5111333.7,81551.1,9103418.4,7317284.4,0.0,69,69,69,289.9152347471827,324,0,0,207.08231053370193,245,644.2560772159616,677,144.95761737359135,4445,52976,31685283.344671663,8437124.5023752,334167.37276132166,31075784.044671666,8401624.083996108,334167.37276132166,0.0,0.0,0.0,0.0,0.0,0.0,53689910.25732349,22986373.704153247,821331.1298400692,51216060.157323495,22842283.77073222,821331.1298400692,19336547.22314416,8612050.510162033,340987.11506257317,0.0,0.0,0.0,0.0,0.0,0.0,85.26366347803098,83.65916000361305,0.0,0.0,283.2462994241415,273.1228548494247,41.90477580520846,0.0,0.0,2151.882913927412,2091.2357672873372,0.0,0.0,7919.552992640455,7491.2809906436205,1058.3568408009974,0.0,0.0,895973.9700000001,139767.09,358390.13999999996,55907.25,627182.055,97837.16999999998,6392894.160000001,1677208.53,5114315.1899999995,1341766.41,5753604.675000001,1509487.4699999997,291342.15,76435.44,101528.67,25478.25,196435.41000000003,50956.845,1677425.19,17657.100000000002,1368425.94,17657.100000000002,1522925.565,17657.100000000002,662141.25,178348.44,105942.6,25478.25,384041.925,101913.345,70628.40000000001,12739.47,22071.72,2548.17,46350.06,7643.82,291342.15,76435.44,101528.67,25478.25,196435.41000000003,50956.845,11146076.459999999,689470.08,4297518.72,17501.850000000002,7721797.59,353485.96499999997,10152835.95,1910878.41,5297131.38,764350.95,7724983.665,1337614.6800000002,6533129.07,10240.98,2776580.01,10240.98,4654854.54,10240.98,9799693.95,264856.5,4899846.63,88285.5,1959938.79,44142.75,390.7304273304063,0,0,22,1228349.1114972369,1744307.4795319126,62296.69569756831,15028751.729635378,2186.3193286649894,78.08283316660676,1010255.3123193325,439182.22494175954,15685.079462205696,509543.16359749204,3286604.347647204,117378.72670168585,509543.16359749204,1575.2197840298438,56.257849429637275,1631420.8008421375,8610926.483563388,307533.08869869245,14002914.208228635,16645729.503599212,594490.3394142576,4717780.9288381785,16645729.503599212,594490.3394142576,9893815.822867276,291293.5243036046,11533.529485398578,55191664.185064994,322938.82559116016,11533.529485398578,111.35929910537813,37.51853148249763,3660762.440356454,12338288.275936382,39.6792146114313,,,106.31478547249421,,267.129202945518,30868697.592838064,18683516.826763395,215.9652480848301,215.9652480848301,328.3000888942543
2,LowestSeparateEquipCostOption,"(10.0, 20.0]",2929101.1,62282.5,2951070.5,5275.099999999999,414.0,0.0,0.0,14307.4,0.0,0.0,5421.0,7.0,376.8237988599834,-819.6921351572317,15911.847237664402,89234.98692794032,20791.51673025418,217.1088158694421,398.1393569918652,12.71410622801915,0.0,855403.0,1491365.0,58359.816,31047.0,75754.98218157863,0.0,4.8566,187.82098192323542,15,15,13.601866149751945,11.554505065220411,1.0107695897189133,0.0,2.1381991537210503,0.12205088198165251,1.1796959536655893,0.0,2.6229193819735186,5.137353096484633,0.5070969682354742,0.022148754147955876,3.4845517517966775,2805490.5,454434.0,7500,1200,5936563.385255126,1642102.6349269664,643697472513.6805,64369747251.36806,2128507.5,0.0,1692048.0,161919.0,1197115.5000000002,5181.0,3740985.0,119712.0,1111159.5,17728.5,1979004.0,1590714.0,0.0,15,15,15,6.800933074875973,15,6,0,4.857809339197124,15,15.113184610835495,24,3.4004665374379863,110,1249,0.0,0.0,0.0,0.0,0.0,0.0,0.0,0.0,0.0,0.0,0.0,0.0,8837457.7081138,537108.933764946,19267.073188567094,8299664.208113801,505785.0351951573,19267.073188567094,0.0,0.0,0.0,0.0,0.0,0.0,0.0,0.0,0.0,0.0,0.0,0.0,0.0,252.4411809811002,252.56705875423393,0.0,0.0,0.0,0.0,0.0,0.0,0.0,7035.787866781176,6607.632948578872,0.0,0.0,0.0,194776.95,30384.149999999998,77910.9,12153.75,136343.92500000002,21268.949999999997,1389759.6,364610.55,1111807.65,291688.35,1250783.6250000002,328149.44999999995,63335.25000000001,16616.4,22071.45,5538.75,42703.350000000006,11077.575,364657.64999999997,3838.5,297483.89999999997,3838.5,331070.77499999997,3838.5,143943.75,38771.4,23031.0,5538.75,83487.375,22155.075,15354.0,2769.45,4798.2,553.95,10076.1,1661.7,63335.25000000001,16616.4,22071.45,5538.75,42703.350000000006,11077.575,2423060.1,149884.8,934243.2,3804.75,1678651.65,76844.775,2207138.25,415408.35,1151550.3,166163.25,1679344.2750000001,290785.80000000005,1420245.45,2226.2999999999997,603604.3499999999,2226.2999999999997,1011924.9,2226.2999999999997,2130368.25,57577.5,1065184.05,19192.5,426073.65,9596.25,10.020522514160854,0,0,15,267032.41554287757,37893.12652299244,1353.32594724973,3267119.941225082,0.0,0.0,219620.72006942012,5199.559146245684,185.69854093734588,110770.25295597652,91090.64011431193,3253.2371469397117,110770.25295597652,0.0,0.0,354656.6958352473,218859.3056159625,7816.403771998661,3044111.7843975294,426889.98754223034,15246.070983651083,1025604.5497474303,426889.98754223034,15246.070983651083,2150829.5267102774,19486.20123134372,771.5402427754273,11998187.866318477,21603.12679771196,771.5402427754273,110.47043139476773,37.219059310418366,795817.9218166204,315149.5048765201,39.07920103828696,,,109.28873195231398,,251.37408521196545,6710586.433225666,484269.31529656646,215.28479868718318,215.28479868718318,0.0
3,LowestSeparateEquipCostOption,"(20.0, 30.0]",232148.2,7870.8,243215.6,500.2,221.7,10.6,0.0,1025.1000000000001,0.0,0.0,4699.0,10.0,540.5327430606794,-1177.1978806704933,14633.469717361078,78894.97188745516,13180.926772488774,214.54235204667805,421.74799540420764,10.760860008349932,82680.0,561152.0,470433.0,184709.99839999998,227627.0,39387.71337095127,0.0,2.33984,236.29861546499478,13,13,7.283897887439629,6.032015843955056,0.5548219196874749,0.0,1.0875116452072942,0.08596372216496198,0.7544244111230874,0.0,1.3602457445273304,2.68283565273556,0.21402113562442268,0.012505370162600246,1.8918140307342273,2431425.1,393842.8,6500,1040,4308082.484072632,1510174.0748316634,505084633928.4883,50508463392.84883,1844706.5,0.0,1466441.5999999999,140329.80000000002,1037500.1000000001,4490.2,2647370.4,98513.0,651880.1,15364.7,1715136.8,1378618.8,0.0,13,13,13,3.6419489437198145,13,13,3,2.6013921026570106,13,8.09321987493292,13,1.8209744718599072,61,670,0.0,0.0,0.0,0.0,0.0,0.0,0.0,0.0,0.0,0.0,0.0,0.0,7348005.213698627,286841.1712043267,10317.65730895006,6881917.513698627,259693.79244384318,10317.65730895006,0.0,0.0,0.0,0.0,0.0,0.0,0.0,0.0,0.0,0.0,0.0,0.0,0.0,339.8385344131809,353.3693681310801,0.0,0.0,0.0,0.0,0.0,0.0,0.0,9444.545930143002,8842.238942821965,0.0,0.0,0.0,168806.69,26332.93,67522.78,10533.25,118164.73500000002,18433.089999999997,1204458.3200000003,315995.81,963566.6299999999,252796.57,1084012.475,284396.18999999994,54890.55,14400.88,19128.59,4800.25,37009.57000000001,9600.565,316036.63,3326.7000000000003,257819.37999999998,3326.7000000000003,286928.005,3326.7000000000003,124751.25,33601.880000000005,19960.2,4800.25,72355.72499999999,19201.065000000002,13306.800000000001,2400.19,4158.44,480.09,8732.62,1440.14,54890.55,14400.88,19128.59,4800.25,37009.57000000001,9600.565,2099985.42,129900.16,809677.44,3297.4500000000003,1454831.43,66598.805,1912853.15,360020.57,998010.26,144008.15,1455431.705,252014.36000000002,1230879.39,1929.4599999999998,523123.7699999999,1929.4599999999998,877001.5800000001,1929.4599999999998,1846319.15,49900.5,923159.51,16633.5,369263.83,8316.75,5.216556764635147,0,0,13,231428.0934704939,20799.9304829636,742.8546601058429,2831503.949061738,0.0,0.0,190337.95739349743,3662.1894948316954,130.79248195827483,96000.88589517966,46329.703068727606,1654.6322524545571,96000.88589517966,0.0,0.0,307369.1363905477,114293.00984610812,4081.893208789576,2638230.2131445254,222233.50619904487,7936.910935680175,888857.2764477729,222233.50619904487,7936.910935680175,1864052.2564822403,8224.18428382641,325.6298682149925,10398429.48414268,9117.636310019789,325.6298682149925,155.45396055835198,52.37464998561397,689708.8655744044,164284.90240966744,54.99137363980216,,,153.70144854638264,,339.8385344131809,5815841.575462244,251257.62096583488,302.9606588901452,302.9606588901452,0.0
4,LowestSeparateEquipCostOption,"(30.0, 50.0]",98230.5,1712.4,99108.0,301.1,155.7,39.3,0.0,675.4,0.0,0.0,6120.0,15.0,590.8453510589127,-1283.8298269975794,9414.050036032326,68726.44317533915,13843.03085978836,174.82545935545934,324.77005441126613,14.000775918384,18618.0,600754.0,680382.0,18514.0,58187.0,0.0,0.0,0.0,189.83531746031736,17,17,5.115484443276276,4.2379016275787995,0.39432604227068135,0.01387896957779718,0.9230937935208707,0.02979496006747052,0.16810225169326612,0.009899653221975419,1.1062461256531508,2.012265337596406,0.2594878266374579,0.006834371134980131,1.2978012375553696,3179555.9000000004,515025.19999999995,8500,1360,3617327.2028023144,971529.9637185361,276971338800.98126,27697133880.098125,2412308.5,0.0,1917654.4,183508.2,1356730.9000000001,5871.799999999999,869155.6000000001,105995.0,503725.30000000005,20092.300000000003,2242871.2,1802809.2000000002,0.0,17,17,17,2.557742221638138,17,17,17,1.826958729741527,17,5.683871603640306,17,1.278871110819069,45,475,0.0,0.0,0.0,0.0,0.0,0.0,0.0,0.0,0.0,0.0,0.0,0.0,9260196.602528974,200205.660080364,7246.094916569798,8650697.302528976,164705.2417012702,7246.094916569798,0.0,0.0,0.0,0.0,0.0,0.0,0.0,0.0,0.0,0.0,0.0,0.0,0.0,808.4131559724966,930.3938227428505,0.0,0.0,0.0,0.0,0.0,0.0,0.0,22319.62237563124,20850.561318061864,0.0,0.0,0.0,220747.21000000002,34435.369999999995,88299.01999999999,13774.25,154523.11500000002,24104.809999999998,1575060.8800000004,413225.29,1260048.67,330580.13,1417554.7750000001,371902.70999999996,71779.95000000001,18831.92,25014.31,6277.25,48397.130000000005,12554.585,413278.67,4350.3,337148.42,4350.3,375213.545,4350.3,163136.25,43940.920000000006,26101.800000000003,6277.25,94619.025,25109.085000000003,17401.2,3138.71,5437.96,627.81,11419.58,1883.26,71779.95000000001,18831.92,25014.31,6277.25,48397.130000000005,12554.585,2746134.78,169869.44,1058808.96,4312.05,1902471.87,87090.745,2501423.3499999996,470796.13,1305090.34,188318.34999999998,1903256.845,329557.24,1609611.51,2523.14,684084.9299999999,2523.14,1146848.22,2523.14,2414417.3499999996,65254.5,1207208.59,21751.5,482883.47,10875.75,4.0812998700598735,0,0,17,302636.7376152613,14783.03934255591,527.9656908055682,3702735.9333884264,585.3532298714044,20.905472495407306,248903.48274534277,1269.3120657180498,45.33257377564465,125539.6200167734,39325.24451290395,1404.4730183179981,125539.6200167734,421.7407659759536,15.062170213426915,401944.25527994696,85725.66187883347,3061.63078138691,3449993.355650533,173869.78056521717,6209.635020186327,1162351.8230470875,173869.78056521717,6209.635020186327,2437606.796938314,9971.331567089053,394.8067397400913,13597946.248494273,11054.588712722556,394.8067397400913,345.2428715903185,116.31723305488802,901926.9780588365,126741.95922343143,123.7929470597877,,,388.7236172585461,,808.4131559724966,7605331.290989089,199209.50470473352,665.6322207342248,665.6322207342248,87.89727780464018
5,LowestSeparateEquipCostOption,"(50.0, 100.0]",58391.7,1653.4,67523.7,151.6,155.2,10.7,0.0,3664.1,0.0,0.0,11856.0,32.0,1184.7555742799734,-2570.0056887747796,28622.4775204839,142281.5449770253,17938.999681337184,343.36946248196244,621.2219293515127,27.077785227577362,8098.0,669556.0,840651.0,568954.0,135376.0,0.0,0.0,0.0,402.35392156862736,33,33,5.09905706869928,4.188519878197308,0.3756207125042357,0.007473291311121558,0.9320491707137508,0.01604344003633028,0.1700022770370435,0.00533058250414061,1.1020476449944667,2.0559974990710823,0.24617550719670436,0.0068967958145416675,1.2834677925103293,6172079.100000001,999754.7999999999,16500,2640,5844728.604752028,2953839.6801139386,761737615275.3319,76173761527.5332,4682716.5,0.0,3722505.6,356221.8,2633654.1000000006,11398.199999999999,1687184.4000000001,205755.0,977819.7000000001,39002.700000000004,4353808.8,3499570.8000000003,0.0,33,33,33,2.54952853434964,33,33,33,1.821091810249743,33,5.665618965221422,33,1.27476426717482,55,477,0.0,0.0,0.0,0.0,0.0,0.0,0.0,0.0,0.0,0.0,0.0,0.0,17975675.75785036,197027.0599933249,7222.8255045063115,16792530.057850365,128114.48313978978,7222.8255045063115,0.0,0.0,0.0,0.0,0.0,0.0,0.0,0.0,0.0,0.0,0.0,0.0,0.0,3126.0529337001835,4737.734679319109,0.0,0.0,0.0,0.0,0.0,0.0,0.0,85109.7367758327,79507.8767706264,0.0,0.0,0.0,428509.29000000004,66845.12999999999,171403.97999999998,26738.25,299956.635,46791.689999999995,3057471.1200000006,802143.21,2445976.8299999996,641714.37,2751723.9750000006,721928.7899999999,139337.55000000002,36556.08,48557.19,12185.25,93947.37000000001,24370.665,802246.83,8444.7,654464.58,8444.7,728355.705,8444.7,316676.25,85297.08,50668.200000000004,12185.25,183672.225,48741.165,33778.8,6092.79,10556.039999999999,1218.69,22167.420000000002,3655.7400000000002,139337.55000000002,36556.08,48557.19,12185.25,93947.37000000001,24370.665,5330732.22,329746.56,2055335.0399999998,8370.45,3693033.63,169058.50499999998,4855704.149999999,913898.37,2533410.66,365559.14999999997,3694557.4050000003,639728.76,3124539.9899999998,4897.86,1327929.5699999998,4897.86,2226234.7800000003,4897.86,4686810.149999999,126670.5,2343404.91,42223.5,937362.03,21111.75,4.111468337319771,0,28,33,587471.3141943307,14081.788103199438,502.9210036856942,7187663.870695181,315.1902006999871,11.256792882142395,483165.58415272424,683.4757276943345,24.409847417654806,243694.55650314837,39706.75763788341,1418.0984870672648,243694.55650314837,227.09118167935952,8.110399345691413,780244.7308375441,87588.72060064532,3128.16859288019,29426413.915842775,175155.0046235979,6255.53587941421,2256330.0094443467,175155.0046235979,6255.53587941421,4731824.95876261,9459.779434602242,374.5522503295894,26396013.30590065,10487.463009228502,374.5522503295894,5956.911479525644,439.9006631828659,1750799.427996565,128206.04514790242,466.12457075506256,,,1498.2806683674492,,3126.0529337001835,14763290.153096465,199011.76236209957,2534.207342613119,2534.207342613119,47.32930343326779
6,LowestSeparateEquipCostOption,"(100.0, 200.0]",704040.9,5399.1,713058.7,210.4,1537.3,13448.8,0.0,19158.2,0.0,0.0,239254.0,672.0,21809.308013619353,-47451.55378110412,505224.9714296849,2521316.2298569484,294230.7783844008,4644.462331793848,9414.888030663818,549.8075764520551,173025.0,6173597.0,7787667.0,676141.0,1124205.0,0.0,0.0,0.0,6558.783224749066,677,50,50.507605874429146,41.020617474002634,3.5117599581878425,0.08164361133982269,9.620474217910047,0.26994048031161466,2.2590113495391195,0.1900459206546852,10.069585472154554,19.904327732241065,1.2230949492335428,0.5280393873226378,12.919268267688768,126621137.9,20510121.2,338500,54160,99761591.83542947,52139217.05154348,12453658250056.219,1245365825005.622,96066638.5,0.0,76367766.39999999,7307944.2,54029812.900000006,233835.8,34612843.6,4221095.0,20060119.3,800146.3,89319047.2,71794225.2,0.0,4,4,4,25.253802937214573,677,677,677,18.038430669438984,677,56.11956208269905,677,12.626901468607286,677,4890,0.0,0.0,0.0,0.0,0.0,0.0,0.0,0.0,0.0,0.0,0.0,0.0,2178869.788830347,16829.60267512514,623.620243301447,2035458.188830347,8476.56305651483,623.620243301447,0.0,0.0,0.0,0.0,0.0,0.0,0.0,0.0,0.0,0.0,0.0,0.0,0.0,520.1429014761733,976.8378370383199,0.0,0.0,0.0,0.0,0.0,0.0,0.0,14032.757287403443,13109.131568549217,0.0,0.0,0.0,8790933.01,1371337.97,3516378.6199999996,548539.25,6153655.815,959938.6099999999,62724483.28000001,16456089.49,50179585.269999996,13164867.53,56452034.275000006,14810478.509999998,2858530.95,749953.52,996158.11,249982.25,1927344.5300000003,499967.885,16458215.27,173244.30000000002,13426440.02,173244.30000000002,14942327.645,173244.30000000002,6496661.25,1749882.5200000003,1039465.8,249982.25,3768063.525,999932.3850000001,692977.2000000001,124994.51,216558.76,25001.61,454767.98,74998.06,2858530.95,749953.52,996158.11,249982.25,1927344.5300000003,499967.885,109360779.17999999,6764800.64,42165509.76,171721.05000000002,75763144.47,3468260.8449999997,99615506.35,18748763.53,51973303.54,7499501.35,75794404.94500001,13124132.440000001,64100411.31,100480.34,27242676.329999994,100480.34,45671543.82,100480.34,96150620.35,2598664.5,48075306.79,866221.5,19230124.07,433110.75,40.054373823271966,675,677,677,12052063.021501875,131653.70799392238,4701.918142640085,147456013.34729204,3443.3645328096436,122.97730474320156,9912215.165799828,11499.888165963463,410.71029164155226,4999430.750079741,409847.30219708406,14637.40364989586,4999430.750079741,8096.254520268816,289.15194715245775,16006838.872030828,847955.6036768623,30284.12870274508,344491959.48807305,1706379.1951232702,60942.114111545365,46288952.01193402,1706379.1951232702,60942.114111545365,97074105.97219051,46999.83592632661,1860.9201655310383,541518212.3665073,52105.76463486907,1860.9201655310383,139572.96243676674,18772.72361879289,35917915.53799014,1277399.0485601786,19539.60670722434,,,,,520.1429014761733,302135817.14353985,1887593.2701248154,111106.09070025492,111106.09070025492,489.8207275950888
7,LowestSeparateEquipCostOption,"(200.0, 300.0]",3025808.7,18685.8,3174341.1,1193.5,1488.2,150756.7,0.0,175941.7,0.0,0.0,300993.0,861.0,29569.682053252807,-64308.56686445092,1033964.5368294565,3471239.006816052,367772.541494995,7486.860203592619,15259.29937321069,709.9372422129462,338208.0,5695261.0,6050171.0,1096687.732,3275262.0,30991.581862038984,0.0,1.7857,10013.44822771573,876,67,48.894437690968225,39.59865479624148,2.23101014370445,0.04722797312642959,10.404643828496184,0.4234704350702026,3.3047295825989393,0.6507904187846747,6.407272164253642,17.144975880043987,0.44463146932116904,2.1435338929594363,12.09942406686275,163840645.20000002,26538945.599999998,438000,70080,139943192.62218747,106705140.20079991,25250425847465.812,2525042584746.5815,124304838.0,0.0,98815603.2,9456069.6,69911545.2,302570.39999999997,44787076.800000004,5461860.0,25956668.400000002,1035344.4,115573833.60000001,92897697.60000001,0.0,0,0,0,24.447218845484112,876,876,876,17.462299175345798,876,54.327152989964695,876,12.223609422742056,876,4873,0.0,0.0,0.0,0.0,0.0,0.0,0.0,0.0,0.0,0.0,0.0,0.0,0.0,0.0,0.0,0.0,0.0,0.0,0.0,0.0,0.0,0.0,0.0,0.0,0.0,0.0,0.0,0.0,0.0,0.0,0.0,0.0,0.0,0.0,0.0,0.0,0.0,0.0,0.0,0.0,0.0,0.0,0.0,0.0,0.0,11374973.88,1774434.3599999999,4549996.56,709779.0,7962485.220000001,1242106.68,81161960.64000002,21293256.119999997,64929566.76,17034599.64,73045763.7,19163927.88,3698778.6,970397.76,1288972.6800000002,323463.0,2493875.64,646930.38,21296006.759999998,224168.4,17373059.759999998,224168.4,19334533.259999998,224168.4,8406315.0,2264249.7600000002,1345010.4000000001,323463.0,4875662.7,1293856.3800000001,896673.6,161735.88,280214.88,32350.68,588444.24,97043.28,3698778.6,970397.76,1288972.6800000002,323463.0,2493875.64,646930.38,141506709.84,8753272.32,54559802.879999995,222197.4,98033256.36,4487734.859999999,128896873.8,24259847.64,67250537.52000001,9703933.799999999,98073705.66,16981890.720000003,82942334.28,130015.91999999998,35250494.03999999,130015.91999999998,59096414.160000004,130015.91999999998,124413505.8,3362526.0,62206748.52,1120842.0,24882701.16,560421.0,35.03115272664869,876,876,876,15594693.067704052,83639.18988993537,2987.113924640549,190799804.5675448,1991.865927428827,71.13806883674383,12825850.052054133,18040.505222771837,644.303757956137,6468982.772629029,443254.1584584259,15830.505659229497,6468982.772629029,27724.693335600747,990.1676191285981,20711951.036778443,730402.8836321348,26085.817272576245,444440289.2288353,1492382.0918455722,53299.36042305615,59895305.70524993,1492382.0918455722,53299.36042305615,125608444.3598802,17085.841225059456,676.4999463107642,700694171.392999,18941.998496701395,676.4999463107642,264986.6769224399,35711.114421302766,46475766.63409063,1219422.2406489332,34860.02779059651,,,,,0.0,387762088.3976244,1592868.672799962,216209.02185141895,216209.02185141895,177.29707317859044
8,LowestSeparateEquipCostOption,"(300.0, 400.0]",965252.5,18092.1,968849.5,950.3,722.9,127791.9,0.0,143700.1,0.0,0.0,212895.0,615.0,21586.55781465287,-47118.82384601435,729862.039413802,2382061.2098969603,232458.90824397674,4800.199343256096,10718.54822566789,503.46738406765695,161504.0,3120176.0,3878231.0,513874.556,2822009.0,32305.42995877233,0.0,5.1431000000000004,7224.630541801525,620,34,23.75069816341952,19.26651900715479,1.1165779866019936,0.024297726519207773,5.002654840511392,0.15917776167966494,1.5190522725517925,0.26372545229769195,3.2512444522080237,8.643031125269331,0.1626151020916666,0.932967490572096,5.926598405324683,115960274.0,18783272.0,310000,49600,98116114.93760502,75321762.46750437,17531324775502.625,1753132477550.2627,87978310.0,0.0,69937984.0,6692652.0,49480774.00000001,214148.0,31698616.0,3865700.0,18371158.0,732778.0,81798832.0,65749512.0,0.0,0,0,0,11.87534908170976,620,620,620,8.48239220122126,620,26.389664626021688,620,5.93767454085488,620,2419,0.0,0.0,0.0,0.0,0.0,0.0,0.0,0.0,0.0,0.0,0.0,0.0,0.0,0.0,0.0,0.0,0.0,0.0,0.0,0.0,0.0,0.0,0.0,0.0,0.0,0.0,0.0,0.0,0.0,0.0,0.0,0.0,0.0,0.0,0.0,0.0,0.0,0.0,0.0,0.0,0.0,0.0,0.0,0.0,0.0,8050780.600000001,1255878.2,3220317.1999999997,502355.0,5635548.9,879116.5999999999,57443396.80000001,15070569.399999999,45954716.199999996,12056451.799999999,51699056.50000001,13563510.599999998,2617857.0,686811.2,912286.6000000001,228935.0,1765071.8000000003,457873.1,15072516.2,158658.0,12296001.2,158658.0,13684258.7,158658.0,5949675.0,1602551.2000000002,951948.0,228935.0,3450811.5,915743.1000000001,634632.0,114470.59999999999,198325.6,22896.6,416478.8,68683.6,2617857.0,686811.2,912286.6000000001,228935.0,1765071.8000000003,457873.1,100153150.8,6195238.399999999,38615385.6,157263.0,69384268.2,3176250.6999999997,91228381.0,17170211.8,47597412.400000006,6868081.0,69412896.7,12019146.4,58703478.6,92020.4,24948979.799999997,92020.4,41826229.2,92020.4,88055221.0,2379870.0,44027607.400000006,793290.0,17611044.2,396645.0,17.3198336319661,620,620,620,11037339.84243894,41859.81785508973,1494.9934948246334,135040957.57063672,1024.7700751000375,36.598931253572765,9077656.429536032,6781.222496571848,242.18651773470884,4578503.78884703,213120.9484860706,7611.4624459310935,4578503.78884703,11235.118217321693,401.2542220472033,14659143.427856889,368206.6922337845,13150.239008349445,314558195.57291996,737852.0983247027,26351.86065445367,42391654.72289378,737852.0983247027,26351.86065445367,88900953.77069145,6248.806049146572,247.41637833751582,495925098.474497,6927.658593450443,247.41637833751582,266491.9226893281,35913.96991742743,32893807.435086977,599343.9814337486,35351.18574776385,,,,,0.0,274659423.69707733,785885.822566189,218018.38992548556,218018.38992548556,99.16615957446582
9,LowestSeparateEquipCostOption,"(400.0, 500.0]",580509.8,12810.3,585133.2999999999,416.6,462.9,69608.2,0.0,199798.30000000002,0.0,0.0,164924.0,482.0,15618.024263561008,-33981.08140983574,502488.6539758201,1796661.4686569003,177145.26904695638,3747.624485147349,7836.027606018709,394.58658115207237,45166.0,2321361.0,2232844.0,659883.88,1352497.0,15834.0,0.0,0.31299999999999994,5813.483021209268,487,29,15.208463383382067,12.309172396299873,0.5752602956358865,0.02119509687319945,3.2517718425410758,0.1063253578499218,1.086345461037738,0.1993986784779685,1.6285181665910236,5.363848733852661,0.08990935745370483,0.7577159478014515,3.7566926118584587,91084924.9,14753957.2,243500,38960,72036595.34273106,51856829.090304635,11993293619105.7,1199329361910.57,69105543.5,0.0,54935158.4,5256970.2,38866349.900000006,168209.8,24898751.6,3036445.0,14430248.3,575585.3,64251663.2,51645181.2,0.0,0,0,0,7.604231691691034,487,487,487,5.431594065493596,487,16.898292648202297,487,3.802115845845517,487,1681,0.0,0.0,0.0,0.0,0.0,0.0,0.0,0.0,0.0,0.0,0.0,0.0,0.0,0.0,0.0,0.0,0.0,0.0,0.0,0.0,0.0,0.0,0.0,0.0,0.0,0.0,0.0,0.0,0.0,0.0,0.0,0.0,0.0,0.0,0.0,0.0,0.0,0.0,0.0,0.0,0.0,0.0,0.0,0.0,0.0,6323758.3100000005,986472.07,2529507.2199999997,394591.75,4426632.765000001,690531.9099999999,45120861.68000001,11837689.19,36096688.37,9470148.43,40608775.025000006,10653918.809999999,2056284.4500000002,539479.12,716586.41,179824.75,1386435.4300000002,359651.935,11839218.37,124623.3,9658310.62,124623.3,10748764.495,124623.3,4673373.75,1258778.12,747739.8,179824.75,2710556.775,719301.435,498493.2,89914.81,155781.56,17984.91,327137.38,53949.86,2056284.4500000002,539479.12,716586.41,179824.75,1386435.4300000002,359651.935,78668684.58,4866259.84,30331762.56,123527.55,54500223.57,2494893.695,71658421.85,13486924.43,37386999.74,5394766.85,54522710.795,9440845.64,46110635.61,72280.54,19597021.229999997,72280.54,32853828.42,72280.54,69165955.85,1869349.5,34582975.49,623116.5,13833191.17,311558.25,10.549862779312651,487,487,487,8669652.424625427,21566.152551390707,770.2197339782396,106072494.09177433,893.9149511511316,31.92553396968327,7130352.711587173,4529.627135095291,161.7723976819747,3596340.879304038,138530.5845469459,4947.520876676639,3596340.879304038,8494.696683841088,303.382024422896,11514520.724784363,228508.3752805202,8161.013402875723,247080389.1032452,449440.71370216005,16051.45406079143,33297961.048466567,449440.71370216005,16051.45406079143,69830265.300527,3454.944402487841,136.79570540323607,389541166.0598065,3830.2797512906095,136.79570540323607,269987.3717917229,36385.0365548116,25837555.19497961,380063.2836464025,34784.00574093999,,,,,0.0,214852508.48523536,474612.28691117844,221503.96285012868,221503.96285012868,87.89727780464017
10,LowestSeparateEquipCostOption,"(500.0, 1000.0]",592551.8,17329.7,605160.7999999999,1100.3,697.6,135210.1,0.0,192217.5,0.0,0.0,350027.0,1033.0,35680.10877247375,-77556.80925720726,1223865.4209200384,4275195.324659556,361848.0947590683,8282.559779331074,17865.96687637617,846.7445081938671,176084.0,4561452.0,3827688.0,678450.0,5133311.0,17522.0,0.0,0.0,13537.252602967346,1047,76,22.91947300982357,18.520557354616564,0.697299157474906,0.03504735142017631,5.044262346674515,0.21006037752907533,1.8003983344857892,0.3919348540446995,1.9028299997506086,7.6432927411252924,0.08683728373660786,1.4255799834811758,5.58476057985133,195823236.9,31719493.2,523500,83760,166321154.31536242,126302911.43894796,28958422948376.133,2895842294837.6133,148569823.5,0.0,118104950.39999999,11301946.200000001,83558661.9,361633.8,53529759.6,6528045.0,31023552.3,1237449.3,138134479.20000002,111031837.2,0.0,0,0,0,11.459736504911785,1047,1047,1047,8.18552607493699,1047,25.466081122026186,1047,5.729868252455892,1047,2565,0.0,0.0,0.0,0.0,0.0,0.0,0.0,0.0,0.0,0.0,0.0,0.0,0.0,0.0,0.0,0.0,0.0,0.0,0.0,0.0,0.0,0.0,0.0,0.0,0.0,0.0,0.0,0.0,0.0,0.0,0.0,0.0,0.0,0.0,0.0,0.0,0.0,0.0,0.0,0.0,0.0,0.0,0.0,0.0,0.0,13595431.110000001,2120813.67,5438180.819999999,848331.75,9516805.965000002,1484572.7099999997,97005220.08000001,25449816.39,77604173.97,20359846.83,87304697.025,22904831.609999996,4420800.45,1159824.72,1540587.21,386604.75,2980693.8300000005,773214.735,25453103.97,267927.3,20764376.22,267927.3,23108740.095,267927.3,10047273.75,2706243.72,1607563.8,386604.75,5827418.774999999,1546424.235,1071709.2,193307.61,334914.36,38665.71,703311.78,115986.66,4420800.45,1159824.72,1540587.21,386604.75,2980693.8300000005,773214.735,169129594.98,10461959.04,65210175.36,265571.55,117169885.17,5363765.295,154058249.85,28995502.83,80378210.94,11598194.85,117218230.39500001,20296848.84,99133132.41,155395.74,42131583.629999995,155395.74,70632358.02000001,155395.74,148699703.85,4018909.5,74349846.69,1339636.5,29739940.77,669818.25,15.19238031912419,1047,1047,1047,18638862.604892857,26141.31397237684,933.6183561563158,228044971.89751074,1478.1414597995279,52.79076642141171,15329526.260845523,8948.901798262425,319.6036356522294,7731763.656327162,214893.49355670324,7674.767627025115,7731763.656327162,16697.03997212354,596.3228561472692,24755037.36930026,325616.26785724907,11629.15242347318,531197468.97556,647219.2478987571,23114.973139241327,71587197.57237063,647219.2478987571,23114.973139241327,150127900.96437734,3336.893910375499,132.121592462351,837473513.0690297,3699.404588945828,132.121592462351,891272.804109968,120113.00136981004,55548090.942800105,566155.7031843383,110837.61639660968,,,,,0.0,460034699.7824701,677184.3456466274,734670.570299034,734670.570299034,135.977840022563
11,LowestSeparateEquipCostOption,"(1000.0, 9000.0]",613340.2,13482.1,939701.1,2386.6,401.3,282609.0,0.0,416316.6,0.0,0.0,556208.0,1678.0,54558.68907199656,-118152.13118465089,3008222.00628606,6670694.536402278,499219.35052209266,13578.580167577102,28692.544625912848,1363.5810316646289,193231.0,4061132.0,3445385.0,1717874.744,5060048.0,41805.33248212462,0.0,0.8243999999999999,21064.609255455536,1685,118,13.18461083549627,10.65635664666983,0.32210246313982466,0.017987173954199177,2.9956619880831044,0.09332518938019907,1.0764421397848472,0.21191473300093236,0.9194591669809599,4.369252953406431,0.05140603353275607,0.8404127945540686,3.2061053666599073,315150099.5,51048086.0,842500,134800,264074031.26149625,310448511.04872143,70226332920983.78,7022633292098.379,239102342.5,0.0,190073392.0,18188901.0,134475974.50000003,581999.0,86148658.0,10505975.0,49928066.5,1991501.5000000002,222308116.0,178690206.0,0.0,0,0,0,6.592305417748135,1685,1685,1685,4.708789584105811,1685,14.649567594995856,1685,3.2961527088740676,1685,1987,0.0,0.0,0.0,0.0,0.0,0.0,0.0,0.0,0.0,0.0,0.0,0.0,0.0,0.0,0.0,0.0,0.0,0.0,0.0,0.0,0.0,0.0,0.0,0.0,0.0,0.0,0.0,0.0,0.0,0.0,0.0,0.0,0.0,0.0,0.0,0.0,0.0,0.0,0.0,0.0,0.0,0.0,0.0,0.0,0.0,21879944.05,3413152.8499999996,8751991.1,1365271.25,15315967.575000001,2389212.05,156116328.40000004,40957918.449999996,124893059.35,32766324.65,140504693.87500003,36862121.55,7114659.750000001,1866575.6,2479359.5500000003,622186.25,4797009.65,1244380.925,40963209.349999994,431191.5,33417358.099999998,431191.5,37190283.724999994,431191.5,16169681.25,4355320.600000001,2587149.0,622186.25,9378415.125,2488753.4250000003,1724766.0,311101.55,538997.8,62227.05,1131881.9,186664.3,7114659.750000001,1866575.6,2479359.5500000003,622186.25,4797009.65,1244380.925,272190417.9,16837059.2,104946652.8,427400.25,188568535.35,8632229.725,247935196.74999997,46664204.65,129357483.7,18665671.75,188646340.225,32664938.200000003,159540905.55,250087.69999999998,67804888.64999999,250087.69999999998,113672897.10000001,250087.69999999998,239311366.74999997,6467872.5,119655674.95,2155957.5,47862273.35,1077978.75,8.589614030851626,1685,1685,1685,29996641.34598325,12075.422047985361,431.2650731423343,367006473.3976176,758.6190250890652,27.093536610323756,24670727.554464858,3975.7995529263812,141.99284117594217,12443191.748721363,127619.90275121108,4557.85366968611,12443191.748721363,9027.90025200186,322.42500900006644,39839768.832159445,186137.03389345863,6647.751210480666,854887999.2586615,365931.04016690963,13068.965720246772,115209577.75496133,365931.04016690963,13068.965720246772,241609850.16712114,1975.3782346798357,78.21348987747666,1347796436.983109,2189.9777165693463,78.21348987747666,5240253.862487994,706206.4683906956,89396879.88406703,326760.63644959795,617200.6715716436,,,,,0.0,737415777.4314234,378990.28087780403,4372881.757570674,4372881.757570674,61.60322034171362
12,LowestSiteWideOption,"(-10.001, 0.0]",3801.6,1178.5,0.0,864.5,2058.0,36931.6,0.0,41542.1,0.0,0.0,57357.0,183.0,3905.8658355779594,-8274.993323967265,1198609.7541519357,1002038.1805501158,10808.19126984127,824.5782828282828,1871.5943198468199,143.91105177756717,0.0,70197.0,49558.0,70254.0,4065531.0,0.0,0.0,0.0,2216.158230851081,0,9,67.61507375891185,53.0369926745474,0.039411670478810196,0.06194339068748365,15.280052052165077,0.37744986920972157,6.682184776830183,1.3972766939984125,0.0,21.864296865534072,0.0,6.119285927906864,15.793172512101219,34226984.1,5544094.8,91500,14640,52333421.65171384,123696526.62847978,36170736953540.72,3617073695354.0723,25967791.5,0.0,20642985.599999998,1975411.8,14604809.100000001,63208.2,9356204.4,1141005.0,5422454.7,216287.7,24143848.8,19406710.8,0.0,183,183,183,33.807536879455924,183,183,183,24.148240628182805,183,75.12785973212428,183,16.903768439727962,606,6256,120793913.0839078,2271239.1445275624,91015.97834512238,114555508.4839078,1907881.9211180136,91015.97834512238,58396160708111.49,92844.95413331245,92844.95413331245,58396154290442.39,2188603.943899148,92844.95413331245,99683292.83898836,2652849.9922105516,95776.90005331178,93122212.13898838,2270698.4296591296,95776.90005331178,14255825.825226007,2345633.555613042,92873.44729094121,-4628044.08054396,2736482.858666051,97731.53066664468,4798905420.880324,2737322.6569961617,97761.52346414865,9469.653194679417,10794.422112826178,120260015113.37802,5168627768.423193,7039.435730635646,7748.75772453199,1081.55018816408,-284.1054398628577,305085.81486046605,236179.32172095805,223981.8348655944,120260015113.37802,120260002140.34668,194882.2801965094,182055.2724708055,27315.885082740053,-7954.952316160015,8542402.816093048,2376278.79,370686.63,950512.9799999999,148275.75,1663395.8850000002,259481.18999999997,16955067.12,4448248.71,13564053.329999998,3558597.87,15259560.225000001,4003423.2899999996,772690.05,202720.08,269271.69,67572.75,520980.87000000005,135146.415,4448823.33,46829.700000000004,3629303.5799999996,46829.700000000004,4039063.4549999996,46829.700000000004,1756113.75,473011.08,280978.2,67572.75,1018545.975,270291.91500000004,187318.80000000002,33787.29,58538.04,6758.19,122928.42,20272.74,772690.05,202720.08,269271.69,67572.75,520980.87000000005,135146.415,29561333.22,1828594.56,11397767.04,46417.950000000004,20479550.13,937506.2549999999,26927086.65,5067981.87,14048913.66,2027191.65,20488000.155,3547586.7600000002,17326994.49,27160.859999999997,7363973.069999998,27160.859999999997,12345483.780000001,27160.859999999997,25990492.65,702445.5,12995245.41,234148.5,5198098.53,117074.25,38.91907548090728,0,0,183,3257795.4696231065,1477.5191409857825,52.76854074949224,39858863.282946005,2612.49681432472,93.30345765445429,2679372.784846925,16079.956882193377,574.2841743640491,1351397.0860629138,650954.2013378358,23248.364333494133,1351397.0860629138,59526.18036146214,2125.935012909362,4326811.689190017,931453.3651670649,33266.19161310946,37138163.769649856,1658013.7037485563,59214.77513387701,12512375.506918648,1658013.7037485563,59214.77513387701,26240120.225865383,0.0,0.0,146377891.96908543,0.0,0.0,4191.7528145823435,1412.2611331446535,9708978.646162769,1658013.7037485563,1095.8441246368698,,,,2891260.873105993,-284.1054398628577,79065757.62459727,1662103.7197038666,8902.059554200092,-284.1054398628577,0.0
13,LowestSiteWideOption,"(0.0, 10.0]",7998671.8,179653.1,8359215.0,8220.0,18110.4,310870.7,0.0,436166.4,0.0,0.0,369103.0,1068.0,30775.42924156305,-66443.93490439135,5145685.188752371,5984904.154805021,526287.9168513002,9929.111973088686,20217.574243328792,909.01633429057,924079.0,34713440.0,46261454.0,3304729.63984,45802293.0,491249.5432746093,0.0,87.415484,15571.640663667386,503,68,595.0126490784243,494.1850244520849,27.742642990437798,1.0043066680699246,115.76314879085966,7.5308877569345,51.67118751419798,7.973927049290949,67.92182722634524,197.01796756056385,12.586900433689731,26.757399951693625,146.96428036268622,208541460.5,33779594.0,557500,89200,338177904.61717343,531034711.4792447,166984529905492.1,16698452990549.21,158219057.5,0.0,125775568.0,12035979.0,92610603.10000001,436512.19999999995,116289769.8,7474019.2,43616696.7,1317818.5,147105964.0,118243074.0,0.0,1115,1115,1115,297.50632453921213,1186,966,816,212.50451752800868,1143,661.1251656426936,1393,148.75316226960607,5107,54831,734548779.9727147,17623188.039621115,704323.218220032,697010793.6727146,15436779.919449866,704323.218220032,208114939458230.7,238383.25444141057,238383.25444141057,208114918520137.06,5300056.149702866,238383.25444141057,620012361.2364593,23423323.919859365,842836.7204691437,580036377.7364593,21094914.126171738,842836.7204691437,94765539.0858561,18151583.982207566,718697.1614490122,23078847.22609184,5612981.093919826,200463.61049713663,12029933806.869215,6837498.037373805,244196.3584776359,81646.99754867316,114407.17591439575,704006031205.4872,38666874838.30276,60542.741670449264,79530.72741151316,9302.301796560294,2909.631491795689,1024207.8812188965,2015674.8802858354,1911664.3516477162,704006031205.4872,704005951911.2255,1660769.6206072026,1551923.160545518,234941.11476337534,81469.68177027929,28677820.674129102,14478419.950000001,2258555.15,5791376.899999999,903428.75,10134898.425,1580991.9499999997,103305463.60000001,27102717.549999997,82644368.64999999,21682167.349999998,92974916.12500001,24392442.449999996,4707920.25,1235152.4,1640644.4500000002,411713.75,3174282.3500000006,823433.075,27106218.65,285328.5,22112969.9,285328.5,24609594.275,285328.5,10699818.75,2882007.4000000004,1711971.0,411713.75,6205894.875,1646860.5750000002,1141314.0,205862.44999999998,356666.2,41176.95,748990.1,123519.7,4707920.25,1235152.4,1640644.4500000002,411713.75,3174282.3500000006,823433.075,180114134.1,11141436.799999999,69445411.2,282819.75,124779772.65,5712128.274999999,164063943.25,30878687.349999998,85598572.30000001,12351468.25,124831257.775,21615077.8,105571578.45,165488.3,44867923.349999994,165488.3,75219750.9,165488.3,158357373.25,4279927.5,79178681.05000001,1426642.5,31671474.65,713321.25,396.2077583839942,134,520,1099,19849409.555353902,1040054.520448339,37144.80430172639,242855915.63106444,42357.1900378374,1512.7567870656212,16325140.191826895,320827.6390973135,11458.129967761199,8233922.136394256,4931691.842949553,176131.85153391262,8233922.136394256,339701.80835620087,12132.207441292889,26362814.39042005,8393274.6619419,299759.80935506785,580410642.1049355,16879072.40382487,602824.0144223168,76236604.86455898,16879072.40382487,602824.0144223168,159878328.1521306,483676.4762826827,19150.775541394265,891865298.0630068,536221.7151590394,19150.775541394265,113274.05123837052,11389.586662317626,59155798.855035454,13985495.952344969,9365.180012881854,,,,,5695.509183132088,487836457.3880152,18440761.91164233,70709.46445305196,5695.509183132088,0.0
14,LowestSiteWideOption,"(10.0, 20.0]",2165839.8,42527.8,2186491.6,4203.6,4661.3,257484.3,0.0,391626.4,0.0,0.0,331483.0,989.0,24838.399943371398,-53638.077862641636,4561743.593760777,5025035.098271422,319862.38278176315,6871.640499085899,14478.85373099511,815.1108068537033,476337.0,10501607.0,11833371.0,1185109.26368,11834834.0,156491.28913481213,0.0,11.229368000000001,12786.88464691917,506,56,153.14584223149456,124.63765319849807,5.357020814384841,0.23903931441133477,31.861695105000354,1.7061918795625026,13.575166061875425,2.396015916386185,13.282079156761428,49.71767537880907,2.240156154507115,8.674810630164457,37.37807097639327,187780830.8,30416782.4,502000,80320,215740220.40778795,470771938.87611216,115817660398106.66,11581766039810.666,142468102.0,0.0,113254412.8,10837778.4,80126930.80000001,346781.6,56089840.0,6301839.2,30816137.200000003,1186627.6,132461334.4,106471790.4,0.0,758,758,758,76.57292111574728,1004,984,980,54.6949436541052,1004,170.16204692388283,1024,38.28646055787364,1543,14459,499836881.72651505,3543407.863083882,144800.89738866582,474022793.72651505,2039860.7317340255,144800.89738866582,82205006441762.89,39971.15129354462,39971.15129354462,82204997621949.48,553149.599595931,39971.15129354462,413962538.5833507,5087416.649897565,185969.14121138674,386786040.3833508,3504515.6421709107,185969.14121138674,58989624.10438348,3731760.6202047444,147756.01774353656,28936950.939826384,2022045.4242825382,72215.90801009066,3634877971.999654,1992001.6390228244,71142.91567938658,107033.90088958752,196479.5567153393,535588342954.1262,40533251466.0733,77545.34188107724,127569.82109490233,11956.503971460234,7305.487840682746,849072.4867414432,2610955.1170500224,2476112.27607604,535588342954.1262,535588285321.09186,2104449.6746563553,1965981.2107056067,301976.2670747042,204553.65953911687,23774029.62876041,13037070.520000001,2033712.44,5214836.239999999,813491.0,9125953.38,1423601.7199999997,93021242.56000002,24404599.48,74416992.03999999,19523673.56,83719117.30000001,21964136.519999996,4239239.4,1112191.04,1477315.72,370727.0,2858277.5600000005,741459.02,24407752.04,256923.6,19911589.04,256923.6,22159670.54,256923.6,9634635.0,2595099.04,1541541.6,370727.0,5588088.3,1482913.02,1027694.4,185368.52,321159.52,37077.72,674426.96,111223.12,4239239.4,1112191.04,1477315.72,370727.0,2858277.5600000005,741459.02,162183489.35999998,10032289.28,62532011.519999996,254664.6,112357750.44,5143476.9399999995,147731120.2,27804665.56,77077100.08,11121860.2,112404110.14,19463262.880000003,95061762.12,149013.68,40401251.16,149013.68,67731506.64,149013.68,142592648.2,3853854.0,71296319.08,1284618.0,28518529.64,642309.0,98.96365743651954,589,930,1004,17873369.680336606,200831.39577066203,7172.549848952214,218679228.06599882,10081.615495487596,360.05769626741414,14699946.863313185,72686.45214676071,2595.944719527168,7414222.264520029,1357358.2223109214,48477.07936824719,7414222.264520029,102074.03887887369,3645.501388531203,23738354.841239218,2118051.0091260253,75644.67889735806,659861943.4238209,4216007.142392736,150571.68365688343,68647131.196428,4216007.142392736,150571.68365688343,143962189.65447456,86082.4188483189,3408.3631564933853,803078707.8522501,95434.16838181477,3408.3631564933853,192894.80096771393,21385.087597779475,53266746.23359246,3650169.722462581,17983.12759157152,,,,,14799.087074715566,439051306.96828234,4505335.860954588,132186.03549488206,14799.087074715566,0.0
15,LowestSiteWideOption,"(20.0, 30.0]",3276886.2,12699.1,3284763.4,3283.2000000000003,1529.5,109460.90000000001,0.0,130418.3,0.0,0.0,171612.0,529.0,9619.49671948774,-20651.797181571506,3406708.9676197176,2853143.1433476075,101262.01986146455,2616.8331582386995,5633.578544190252,429.49925618503795,280699.0,2645462.0,2504000.0,935107.936,2284030.0,6920.0,0.0,1.2436,5813.717955641171,147,57,50.25133883102802,40.6999554092288,1.1431281976869692,0.07712485623176349,10.85550064566679,0.5186208491717865,4.668329133739618,0.9342998409776456,2.7156457448513724,16.016816435934807,0.3960927045910368,3.560993643650079,12.080432523377523,99501396.4,16117259.2,266000,42560,118682038.47351877,351572365.45835483,83867522584711.4,8386752258471.141,75491066.0,0.0,60011302.4,5742727.2,42457696.400000006,183752.8,29975268.400000002,3341461.2,15985870.8,628770.8,70188675.2,56417323.2,0.0,147,147,147,25.12566941551401,532,532,518,17.946906725367153,532,55.83482092336447,532,12.562834707757006,599,4821,89554107.9760006,475054.78937931004,19616.114369519397,84929083.87600061,205669.26167912743,19616.114369519397,0.0,0.0,0.0,0.0,0.0,0.0,80295696.73951524,930903.024675223,34075.72702577011,75025320.43951525,623928.8186912941,34075.72702577011,10568974.31870204,505539.9824568682,20016.443234203467,26299831.301754903,1060154.4136124598,37862.65762901642,1850354454.6071634,1002999.1389290022,35821.39781889293,24350.481846047995,53654.24476986197,0.0,0.0,17617.36656909927,33285.86723234048,2700.2031095325733,9673.20738270866,638611.1523189332,589646.3667587803,559194.0657044542,0.0,0.0,475323.9323340231,444053.88675005216,68196.96269967212,270849.80671584245,17881112.26493013,6908089.16,1077624.52,2763239.92,431053.0,4835664.540000001,754338.7599999999,49290140.480000004,12931520.84,39432111.32,10345213.48,44361125.900000006,11638367.159999998,2246290.2,589328.32,782800.76,196441.0,1514545.4800000002,392884.66,12933191.319999998,136138.80000000002,10550762.319999998,136138.80000000002,11741976.819999998,136138.80000000002,5105205.0,1375092.32,816832.8,196441.0,2961018.9,785766.66,544555.2000000001,98223.16,170176.16,19646.76,357365.68,58934.96,2246290.2,589328.32,782800.76,196441.0,1514545.4800000002,392884.66,85937864.88,5315914.24,33134492.16,134941.80000000002,59536178.52,2725428.02,78279836.6,14733149.48,40841650.64,5893256.6,59560743.620000005,10313203.040000001,50371371.96,78959.43999999999,21407834.279999997,78959.43999999999,35889603.120000005,78959.43999999999,75557060.6,2042082.0,37778527.64,680694.0,15111412.12,340347.0,31.040883516602403,466,514,532,9470749.67125406,42855.168841198174,1530.5417443285062,115873853.91544957,3252.783533069447,116.17084046676597,7789214.871795433,22094.06221374325,789.0736504908303,3928651.6381719676,462461.36654496024,16516.477376605722,3928651.6381719676,39802.63972382833,1421.5228472795832,12578490.812290104,682341.5205284816,24369.340018874344,288784721.2996709,1322390.3602807184,47228.227152882806,36374774.69770886,1322390.3602807184,47228.227152882806,76282753.88065784,15220.643449684474,602.6489618447804,425535729.658762,16874.170931653847,602.6489618447804,144450.9863894032,18656.579966901063,28225008.96042947,1206699.5890110133,15075.927105986488,,,,,12828.797438498159,231445553.7147779,1382216.5904064812,116538.25455154282,12828.797438498159,0.0
16,LowestSiteWideOption,"(30.0, 50.0]",733593.6,27131.0,826197.2999999999,4077.5,1324.7,172488.5,0.0,280650.2,0.0,0.0,180433.0,566.0,9407.331425634766,-19991.359490372324,4136129.179911731,3305679.8583798367,71266.35431546844,2309.489476796349,5027.210133839939,460.45877366569863,409464.0,2184011.0,2095346.0,1220311.184,3444745.0,41571.150519791176,0.0,1.2184,6513.518553389144,52,110,43.52268620429083,35.04466869491315,0.518201330514286,0.03634209239618973,9.682914354430835,0.5555610707336237,4.687594990993595,1.035069056934126,0.9451353793333069,12.923927697531722,0.00593934251972082,3.824693519084612,10.252442749152117,107356769.80000001,17389674.4,287000,45920,134270876.21299687,426848531.3668906,100350130202689.0,10035013020268.9,81450887.0,0.0,64749036.8,6196100.4,45809619.800000004,198259.59999999998,29346783.200000003,3578890.0,17008136.6,678410.6000000001,75729886.4,60871322.400000006,0.0,52,52,52,21.761343102145414,574,574,574,15.54381650153244,574,48.35854022698981,574,10.880671551072707,695,4247,0.0,0.0,0.0,0.0,0.0,0.0,0.0,0.0,0.0,0.0,0.0,0.0,28325307.25479451,740149.9737062873,26727.246696120972,26460956.45479451,631560.4586643532,26727.246696120972,0.0,0.0,0.0,39031324.131277695,997792.3892823152,35635.4424743684,1800732984.1793585,934275.6422482681,33366.987223152435,0.0,0.0,0.0,0.0,2036.6248778730326,2249.3784699197104,0.0,20767.59996798694,893509.4720802535,0.0,0.0,0.0,0.0,56370.88764926824,52660.597464584214,0.0,581492.7991036343,25018265.2182471,7453464.620000001,1162700.14,2981390.4399999995,465083.5,5217427.53,813891.82,53181467.36000001,13952430.379999999,42545172.739999995,11161940.86,47863320.050000004,12557185.62,2423628.9000000004,635854.24,844600.8200000001,211949.5,1634114.86,423901.87,13954232.739999998,146886.6,11383717.239999998,146886.6,12668974.989999998,146886.6,5508247.5,1483652.2400000002,881319.6000000001,211949.5,3194783.55,847800.8700000001,587546.4,105977.62,183611.12,21197.82,385578.76,63587.72,2423628.9000000004,635854.24,844600.8200000001,211949.5,1634114.86,423901.87,92722433.16,5735591.68,35750373.12,145595.1,64236403.14,2940593.3899999997,84459823.69999999,15896292.86,44065991.480000004,6358513.699999999,64262907.59,11127403.280000001,54348059.22,85193.07999999999,23097926.459999997,85193.07999999999,38722992.84,85193.07999999999,81522091.69999999,2203299.0,40761042.980000004,734433.0,16304418.34,367216.5,25.142607558963615,522,522,574,10218440.434774116,19427.047253194018,693.8231161855007,125021789.75087981,1532.747877654116,54.740995630504145,8404152.88798981,23667.773634485515,845.2776298030541,4238808.346448702,412507.3500203214,14732.405357868622,4238808.346448702,44095.56649321693,1574.841660472033,13571529.560628796,550579.605604331,19663.55734301182,275390627.44784296,1071114.5464178408,38254.09094349431,39246467.43700166,1071114.5464178408,38254.09094349431,82305076.55544661,228.23095141719216,9.036618352377781,459130655.6844537,253.02531386657785,9.036618352377781,231232.4541554336,31410.41140941037,30453299.141516007,1030850.2957523548,24437.96498680124,,,,,22804.22484585997,248274349.83613354,1092302.572500106,197970.72083667677,22804.22484585997,0.0
17,LowestSiteWideOption,"(50.0, 100.0]",4706191.6,18140.2,4735560.0,4087.7,844.4,146992.1,0.0,185248.4,0.0,0.0,208787.0,656.0,10133.349410158056,-21554.31761089437,4829153.147070535,3677165.2443779223,91016.20375885787,2905.9345045106,6155.200859837128,531.2179709705302,63101.0,1209329.0,1209037.0,2085176.7,1947941.0,105451.55968737703,0.0,37.7575,8351.471620683773,49,150,27.74255018562933,22.271623949932085,0.3066003545363174,0.0229897355689612,6.091165522399295,0.3013983356411656,2.976262130638389,0.6066466946593307,0.5607343356211455,8.508743825118506,0.001433634401311922,2.36906686958718,6.558243083078873,124189712.80000001,20116278.4,332000,53120,150674135.65636867,498368604.77767926,115028976615435.16,11502897661543.516,94221932.0,0.0,74901324.8,7167614.4,52992312.800000004,229345.59999999998,33948195.2,4140040.0,19674917.6,784781.6000000001,87603910.4,70415606.4,0.0,49,49,49,13.871275092814665,664,664,664,9.908053637724763,664,30.82505576181037,664,6.9356375464073325,715,2859,0.0,0.0,0.0,0.0,0.0,0.0,0.0,0.0,0.0,0.0,0.0,0.0,26691154.91317175,370937.9934742459,13524.182291298544,24934362.81317175,268613.25814626954,13524.182291298544,0.0,0.0,0.0,49354741.288838275,736377.1657576574,26299.184491344906,1325375545.494663,650143.8738941132,23219.4240676469,0.0,0.0,0.0,0.0,3683.6071829087227,4951.459399233876,0.0,42358.81694901639,1060622.5373835992,0.0,0.0,0.0,0.0,100852.16549366068,94214.15045896012,0.0,1186046.8745724591,29697431.046740778,8622126.32,1345005.04,3448855.84,538006.0,6035491.080000001,941505.5199999999,61520024.96000001,16140093.68,49216018.63999999,12912070.959999999,55368021.800000004,14526082.319999998,2803640.4000000004,735552.64,977029.52,245182.0,1890334.9600000002,490367.32,16142178.639999999,169917.6,13168620.639999999,169917.6,14655399.639999999,169917.6,6371910.0,1716280.6400000001,1019505.6000000001,245182.0,3695707.8,980731.3200000001,679670.4,122594.31999999999,212400.32,24521.52,446035.36,73557.92,2803640.4000000004,735552.64,977029.52,245182.0,1890334.9600000002,490367.32,107260793.75999999,6634900.4799999995,41355832.32,168423.6,74308313.04,3401662.0399999996,97702653.19999999,18388742.96,50975293.28,7355493.199999999,74338973.24000001,12872118.08,62869531.92,98550.87999999999,26719552.559999995,98550.87999999999,44794542.24,98550.87999999999,94304301.19999999,2548764.0,47152147.28,849588.0,18860860.24,424794.0,16.068688713439442,623,660,664,11820634.928031381,11494.25758809176,410.50919957470575,144624509.3982303,969.6048322426552,34.62874400866626,9721877.20840633,12840.042179964186,458.5729349987209,4903429.864184561,259493.21208550275,9267.614717339384,4903429.864184561,25844.101398872404,923.0036213883001,15699469.73564028,362485.842466973,12945.922945249038,354436059.8413591,684551.36097008,24448.262891788574,45400094.73548625,684551.36097008,24448.262891788574,95210053.71570827,55.09022965242572,2.1812527057463607,531119782.8823646,61.0750757608981,2.1812527057463607,447691.3432793088,59827.61599190907,35228206.67241573,660663.1981313124,46535.34550513582,,,,,46042.424131925116,287189786.8849601,697070.3136200669,377024.374466568,46042.424131925116,0.0
18,LowestSiteWideOption,"(100.0, 200.0]",125835.70000000001,7901.900000000001,160313.8,3674.2000000000003,440.8,95155.8,0.0,146140.0,0.0,0.0,190423.0,604.0,10927.063353046173,-23318.415998440923,3999207.4421514566,3304200.961087797,64211.55655459355,2343.065545274261,5349.05548630039,487.3967741525171,87141.0,819575.0,444559.0,369495.0,1522203.0,0.0,0.0,0.0,7322.916374189894,46,144,14.482373427078883,11.595313744546685,0.11326574450335075,0.012573349531961982,3.3371971043780713,0.16519012047029472,1.506362859316422,0.349394864802909,0.2169064050476313,4.291139990593373,0.0008192196578925271,1.312429076067741,3.3940010977568664,113341816.2,18359133.599999998,303000,48480,132843232.01774156,412718208.0300303,94249834181451.0,9424983418145.102,85991703.0,0.0,68358739.2,6541527.600000001,48363466.20000001,209312.4,30982840.8,3778410.0,17956325.400000002,716231.4,79951761.60000001,64264845.6,0.0,46,46,46,7.241186713539442,606,606,606,5.172276223956745,606,16.091526030087646,606,3.620593356769721,615,1647,0.0,0.0,0.0,0.0,0.0,0.0,0.0,0.0,0.0,0.0,0.0,0.0,25057002.57154899,212565.50206704595,7851.099630220456,23407769.171548992,116505.54645302735,7851.099630220456,0.0,0.0,0.0,47309478.52730081,361806.1155699866,12921.646984642379,747306048.9295115,316044.10489836545,11287.289460655911,0.0,0.0,0.0,0.0,5473.158350092931,9535.612563502631,0.0,75376.39098836482,1122824.036432064,0.0,0.0,0.0,0.0,148094.03874993647,138346.5985144227,0.0,2110538.947674215,31439073.02009778,7868988.78,1227519.66,3147600.36,491011.5,5508294.57,859265.58,56146287.84000001,14730266.219999999,44917029.059999995,11784209.34,50531658.45000001,13257237.78,2558744.1,671302.5599999999,891686.5800000001,223765.5,1725215.34,447534.02999999997,14732169.059999999,155075.4,12018349.559999999,155075.4,13375259.309999999,155075.4,5815327.5,1566364.56,930452.4,223765.5,3372889.9499999997,895065.03,620301.6,111885.78,193847.28,22379.579999999998,407074.44,67132.68000000001,2558744.1,671302.5599999999,891686.5800000001,223765.5,1725215.34,447534.02999999997,97891628.03999999,6055345.92,37743425.28,153711.9,67817526.66,3104528.9099999997,89168385.3,16782497.34,46522632.120000005,6712995.3,67845508.71000001,11747746.32,57377916.18,89942.51999999999,24385615.739999995,89942.51999999999,40881765.96,89942.51999999999,86066877.3,2326131.0,43033435.620000005,775377.0,17213375.46,387688.5,8.35982848529228,603,606,606,10788109.587932255,4246.262680281045,151.6522385814659,131991645.62549332,530.2879812208789,18.938856472174244,8872677.090804571,7037.358418187138,251.3342292209692,4475118.219421452,142169.8347866267,5077.494099522382,4475118.219421452,14884.769658693149,531.5989163818981,14328130.51174399,182809.29906974765,6528.903538205273,308977324.5754793,356141.81524948735,12719.350544624547,41434423.80979618,356141.81524948735,12719.350544624547,86893512.8790952,31.480131229957546,1.2464301175693493,484726789.79926646,34.90004329194177,1.2464301175693493,748169.6726384248,100773.2844999469,32151044.041391466,346901.26193325466,78484.32254337933,,,,,80849.54933845776,262069417.8703718,360345.80210171005,635081.7921541869,80849.54933845776,0.0
19,LowestSiteWideOption,"(200.0, 300.0]",2721.9,835.8,0.0,1849.3999999999999,108.0,22258.6,0.0,26310.4,0.0,0.0,112607.0,360.0,5784.5774647655235,-12336.545354218924,2671310.4339339994,1955709.8444478866,27842.375,1140.7166666666667,2793.670833333333,288.28614578358895,11815.0,82739.0,13191.0,211716.0,647472.0,0.0,0.0,0.0,4441.580952380952,0,86,3.548312908630942,2.84147070128714,0.0020535525783156416,0.0031907133328486206,0.7881707499776134,0.013209340173385637,0.34944743356093555,0.06556834529916311,0.002091018502567909,1.1844354119469311,0.0006144147434193951,0.30872864348614576,0.8328943035321835,67331772.0,10906416.0,180000,28800,79092078.67303017,275679236.78198874,62483512808672.7,6248351280867.271,51084180.0,0.0,40609152.0,3886056.0,28730772.000000004,124343.99999999999,18405648.0,2244600.0,10667124.0,425484.00000000006,47496096.0,38177136.0,0.0,0,0,0,1.774156454315471,360,360,360,1.2672546102253366,360,3.9425698984788244,360,0.8870782271577355,360,360,0.0,0.0,0.0,0.0,0.0,0.0,0.0,0.0,0.0,0.0,0.0,0.0,0.0,0.0,0.0,0.0,0.0,0.0,0.0,0.0,0.0,31095952.815616943,143605.51444894727,5128.768373176689,221610166.88387063,115052.37122517997,4109.013258042142,0.0,0.0,0.0,0.0,0.0,0.0,0.0,77953.43414616458,527769.9631877845,0.0,0.0,0.0,0.0,0.0,0.0,0.0,2182696.156092608,14777558.969257966,4674646.800000001,729219.6,1869861.5999999999,291690.0,3272254.2,510454.79999999993,33354230.400000006,8750653.2,26683383.599999998,7000520.399999999,30018807.000000004,7875586.799999999,1520046.0000000002,398793.6,529714.8,132930.0,1024880.4000000001,265861.8,8751783.6,92124.0,7139613.6,92124.0,7945698.6,92124.0,3454650.0,930513.6000000001,552744.0,132930.0,2003697.0,531721.8,368496.0,66466.8,115156.8,13294.8,241826.4,39880.8,1520046.0000000002,398793.6,529714.8,132930.0,1024880.4000000001,265861.8,58153442.4,3597235.1999999997,22421836.8,91314.0,40287639.6,1844274.5999999999,52971317.99999999,9969800.4,27637207.200000003,3987917.9999999995,40304262.6,6978859.2,34085890.8,53431.2,14486504.399999999,53431.2,24286197.6,53431.2,51128837.99999999,1381860.0,25564417.200000003,460620.0,10225767.6,230310.0,2.0534748658996613,360,360,360,6408777.973029062,76.98641556219731,2.7495148415070467,78410878.58940198,134.57010223327603,4.806075079759857,5270897.281666082,562.7386250655909,20.09780803805682,2658486.0709434366,33577.31107969773,1199.1896814177758,2658486.0709434366,2793.3144273034345,99.76122954655123,8511760.700045936,50458.807665574546,1802.1002737705194,182646694.20363095,87481.25246796064,3124.330445284309,24614509.193938326,87481.25246796064,3124.330445284309,51619908.64104666,23.61009842246815,0.9348225881770118,287956508.79164344,26.175032468956328,0.9348225881770118,752251.4159766966,101377.68698987724,19099630.123598892,87392.1717976413,78720.71775859548,,,,,77953.43414616458,155554514.43560532,87716.41908417862,639068.4566103014,77953.43414616458,0.0
20,LowestSiteWideOption,"(300.0, 400.0]",2636.7,789.7,0.0,1908.2,68.4,23033.1,0.0,27129.8,0.0,0.0,106971.0,342.0,7335.880173709863,-15636.458405148482,2354931.015874175,1892698.6170959356,24452.149603174603,1148.654365079365,2693.3063888888887,273.6010227254335,0.0,135569.0,71194.0,47687.0,590427.0,0.0,0.0,0.0,4694.033333333334,0,86,2.2472648421329304,1.7978185939838585,0.0012424079400452355,0.0020123340679085154,0.4971159772668824,0.0073072945640005665,0.2212253018317427,0.040301001078880336,0.0014866871677821877,0.7562264814677366,0.0,0.19355937695947023,0.5282746669562636,63965183.400000006,10361095.2,171000,27360,75488447.65736045,243028880.83821487,54933685361993.44,5493368536199.344,48529971.0,0.0,38578694.4,3691753.2,27294233.400000002,118126.79999999999,17485365.6,2132370.0,10133767.8,404209.80000000005,45121291.2,36268279.2,0.0,0,0,0,1.1236324210664652,342,342,342,0.8025945864760466,342,2.496960935703256,342,0.5618162105332326,342,342,0.0,0.0,0.0,0.0,0.0,0.0,0.0,0.0,0.0,0.0,0.0,0.0,0.0,0.0,0.0,0.0,0.0,0.0,0.0,0.0,0.0,29890055.502954554,90950.15915099996,3248.21996967857,207312999.91070327,71662.79083612184,2559.385387004352,0.0,0.0,0.0,0.0,0.0,0.0,0.0,112395.61400919293,740581.3722564217,0.0,0.0,0.0,0.0,0.0,0.0,0.0,3147077.1922574015,20736278.4231798,4440914.46,692758.62,1776368.5199999998,277105.5,3108641.49,484932.05999999994,31686518.880000006,8313120.54,25349214.419999998,6650494.38,28517866.650000002,7481807.459999999,1444043.7000000002,378853.92,503229.06,126283.5,973636.3800000001,252568.71,8314194.419999999,87517.8,6782632.919999999,87517.8,7548413.669999999,87517.8,3281917.5,883987.92,525106.8,126283.5,1903512.15,505135.71,350071.2,63143.46,109398.95999999999,12630.06,229735.08000000002,37886.76,1444043.7000000002,378853.92,503229.06,126283.5,973636.3800000001,252568.71,55245770.28,3417373.44,21300744.96,86748.3,38273257.62,1752060.8699999999,50322752.099999994,9471310.379999999,26255346.84,3788522.0999999996,38289049.47,6629916.24,32381596.259999998,50759.63999999999,13762179.179999998,50759.63999999999,23071887.720000003,50759.63999999999,48572396.099999994,1312767.0,24286196.34,437589.0,9714479.22,218794.5,1.3024374415452822,342,342,342,6088339.074377609,46.577104954648185,1.6634680340945778,74490334.65993187,84.87130399902986,3.0311179999653524,5007352.417582778,311.30221812139075,11.117936361478241,2525561.7673962647,21177.92091606058,756.3543184307348,2525561.7673962647,1716.8859033239105,61.31735369013965,8086172.665043638,32216.435100729974,1150.5869678832137,173514359.4934494,55485.87934512122,1981.6385480400431,23383783.734241407,55485.87934512122,1981.6385480400431,49038913.20899432,0.0,0.0,273558683.3520613,0.0,0.0,1070490.4579462067,144265.39354587634,18144648.617418945,55422.544138235855,112022.4826862044,,,,,112395.61400919293,147777554.66925147,55617.32775407489,909617.6683100717,112395.61400919293,0.0
21,LowestSiteWideOption,"(400.0, 500.0]",0.0,0.0,0.0,0.0,0.0,0.0,0.0,0.0,0.0,0.0,0.0,0.0,0.0,0.0,0.0,0.0,0.0,0.0,0.0,0.0,0.0,0.0,0.0,0.0,0.0,0.0,0.0,0.0,0.0,0,0,0.0,0.0,0.0,0.0,0.0,0.0,0.0,0.0,0.0,0.0,0.0,0.0,0.0,0.0,0.0,0,0,0.0,0.0,0.0,0.0,0.0,0.0,0.0,0.0,0.0,0.0,0.0,0.0,0.0,0.0,0.0,0.0,0.0,0,0,0,0.0,0,0,0,0.0,0,0.0,0,0.0,0,0,0.0,0.0,0.0,0.0,0.0,0.0,0.0,0.0,0.0,0.0,0.0,0.0,0.0,0.0,0.0,0.0,0.0,0.0,0.0,0.0,0.0,0.0,0.0,0.0,0.0,0.0,0.0,0.0,0.0,0.0,0.0,0.0,0.0,0.0,0.0,0.0,0.0,0.0,0.0,0.0,0.0,0.0,0.0,0.0,0.0,0.0,0.0,0.0,0.0,0.0,0.0,0.0,0.0,0.0,0.0,0.0,0.0,0.0,0.0,0.0,0.0,0.0,0.0,0.0,0.0,0.0,0.0,0.0,0.0,0.0,0.0,0.0,0.0,0.0,0.0,0.0,0.0,0.0,0.0,0.0,0.0,0.0,0.0,0.0,0.0,0.0,0.0,0.0,0.0,0.0,0.0,0.0,0.0,0.0,0.0,0.0,0.0,0.0,0.0,0.0,0.0,0.0,0.0,0.0,0.0,0.0,0.0,0.0,0.0,0.0,0.0,0.0,0,0,0,0.0,0.0,0.0,0.0,0.0,0.0,0.0,0.0,0.0,0.0,0.0,0.0,0.0,0.0,0.0,0.0,0.0,0.0,0.0,0.0,0.0,0.0,0.0,0.0,0.0,0.0,0.0,0.0,0.0,0.0,0.0,0.0,0.0,0.0,0.0,0.0,0.0,0.0,0.0,0.0,0.0,0.0,0.0,0.0,0.0
22,LowestSiteWideOption,"(500.0, 1000.0]",3936.9,1452.2,0.0,2783.4,61.300000000000004,35515.4,0.0,38290.0,0.0,0.0,191572.0,613.0,13125.230610615003,-27991.953422743816,4121056.4658653256,3421964.0702186376,43327.54398148148,1959.5745189995191,4488.851973951974,492.3245564341556,11962.0,126569.0,98128.0,118336.0,1079007.0,0.0,0.0,0.0,8463.508462033462,0,129,2.0139961231396,1.6175199803993678,0.002157260208313329,0.0017732332084861712,0.44118579593082874,0.004590479918410612,0.19700976193959802,0.033612813778668,0.005203405087237657,0.6899205966723962,0.0,0.16871145876392893,0.4750347227189697,114651045.10000001,18571202.8,306500,49040,132768601.28895277,425293027.2773016,95870037439182.9,9587003743918.291,86985006.5,0.0,69148361.6,6617089.8,48922120.10000001,211730.19999999998,31340728.400000002,3822055.0,18163741.7,724504.7000000001,80875296.8,65007178.800000004,0.0,0,0,0,1.0069980615698,613,613,613,0.7192843296927143,613,2.237773470155111,613,0.5034990307849,613,613,0.0,0.0,0.0,0.0,0.0,0.0,0.0,0.0,0.0,0.0,0.0,0.0,0.0,0.0,0.0,0.0,0.0,0.0,0.0,0.0,0.0,54200233.69721569,81509.42625667101,2911.0509377382505,392444905.8328088,67743.73196227143,2419.4189986525516,0.0,0.0,0.0,0.0,0.0,0.0,0.0,407618.4164487845,2803851.0563437035,0.0,0.0,0.0,0.0,0.0,0.0,0.0,11413315.660565967,78507829.57762368,7959884.69,1241698.93,3183958.78,496683.25,5571921.735,869191.0899999999,56794842.32000001,14900417.809999999,45435872.629999995,11920330.57,51115357.47500001,13410374.189999998,2588300.5500000003,679056.88,901986.5900000001,226350.25,1745143.5700000003,452703.565,14902342.629999999,156866.7,12157175.379999999,156866.7,13529759.004999999,156866.7,5882501.25,1584457.8800000001,941200.2000000001,226350.25,3411850.725,905404.0650000001,627466.8,113178.19,196086.44,22638.09,411776.62,67908.14,2588300.5500000003,679056.88,901986.5900000001,226350.25,1745143.5700000003,452703.565,99022389.42,6125292.16,38179405.44,155487.45,68600897.43,3140389.8049999997,90198383.14999999,16976354.57,47060022.260000005,6790538.149999999,68629202.705,11883446.360000001,58040697.39,90981.45999999999,24667297.769999996,90981.45999999999,41353997.580000006,90981.45999999999,87061049.14999999,2353000.5,43530521.510000005,784333.5,17412209.83,392166.75,1.1745130913875412,613,613,613,10912724.715185598,80.8743504435731,2.888369658699039,133516301.59806502,74.78709280861155,2.6709676003075558,8975166.760170301,195.56164984548906,6.9843446373388955,4526811.004134241,18795.207401865948,671.257407209498,4526811.004134241,1431.9586264046748,51.14137951445266,14493636.96980044,29391.7003332307,1049.7035833296682,311006732.074516,50036.10123544556,1787.0036155516268,41913039.26634498,50036.10123544556,1787.0036155516268,87897233.32489333,0.0,0.0,490325944.13688177,0.0,0.0,3818088.0079102856,514547.29462114244,32522425.73823922,49814.42801134681,400379.37631635315,,,,,407618.4164487845,264955919.13608423,50191.762678697734,3244256.340189341,407618.4164487845,0.0
23,LowestSiteWideOption,"(1000.0, 9000.0]",0.0,0.0,0.0,0.0,0.0,0.0,0.0,0.0,0.0,0.0,0.0,0.0,0.0,0.0,0.0,0.0,0.0,0.0,0.0,0.0,0.0,0.0,0.0,0.0,0.0,0.0,0.0,0.0,0.0,0,0,0.0,0.0,0.0,0.0,0.0,0.0,0.0,0.0,0.0,0.0,0.0,0.0,0.0,0.0,0.0,0,0,0.0,0.0,0.0,0.0,0.0,0.0,0.0,0.0,0.0,0.0,0.0,0.0,0.0,0.0,0.0,0.0,0.0,0,0,0,0.0,0,0,0,0.0,0,0.0,0,0.0,0,0,0.0,0.0,0.0,0.0,0.0,0.0,0.0,0.0,0.0,0.0,0.0,0.0,0.0,0.0,0.0,0.0,0.0,0.0,0.0,0.0,0.0,0.0,0.0,0.0,0.0,0.0,0.0,0.0,0.0,0.0,0.0,0.0,0.0,0.0,0.0,0.0,0.0,0.0,0.0,0.0,0.0,0.0,0.0,0.0,0.0,0.0,0.0,0.0,0.0,0.0,0.0,0.0,0.0,0.0,0.0,0.0,0.0,0.0,0.0,0.0,0.0,0.0,0.0,0.0,0.0,0.0,0.0,0.0,0.0,0.0,0.0,0.0,0.0,0.0,0.0,0.0,0.0,0.0,0.0,0.0,0.0,0.0,0.0,0.0,0.0,0.0,0.0,0.0,0.0,0.0,0.0,0.0,0.0,0.0,0.0,0.0,0.0,0.0,0.0,0.0,0.0,0.0,0.0,0.0,0.0,0.0,0.0,0.0,0.0,0.0,0.0,0.0,0,0,0,0.0,0.0,0.0,0.0,0.0,0.0,0.0,0.0,0.0,0.0,0.0,0.0,0.0,0.0,0.0,0.0,0.0,0.0,0.0,0.0,0.0,0.0,0.0,0.0,0.0,0.0,0.0,0.0,0.0,0.0,0.0,0.0,0.0,0.0,0.0,0.0,0.0,0.0,0.0,0.0,0.0,0.0,0.0,0.0,0.0
